{
  "project_info": {
    "project_number": "455781075071",
    "firebase_url": "https://myappnewgenfss.firebaseio.com",
    "project_id": "myappnewgenfss",
    "storage_bucket": "myappnewgenfss.appspot.com"
  },
  "client": [
    {
      "client_info": {
        "mobilesdk_app_id": "1:455781075071:android:4ff4feb62bcc0c8022d74a",
        "android_client_info": {
          "package_name": "com.myapp_new_gen_fss"
        }
      },
      "oauth_client": [
        {
          "client_id": "455781075071-872l4m2a4vbs5fgcukevq98b4b2hrq55.apps.googleusercontent.com",
          "client_type": 1,
          "android_info": {
            "package_name": "com.myapp_new_gen_fss",
            "certificate_hash": "83a65456ae5ff99dfed25efced68945adba71a8c"
          }
        },
        {
          "client_id": "455781075071-jq6hcl2uqlfkgddihjr2523usbi12knt.apps.googleusercontent.com",
          "client_type": 3
        }
      ],
      "api_key": [
        {
          "current_key": "AIzaSyDnbgdVfCSR2zVrfp1kgWydxUqSR32hxVU"
        }
      ],
      "services": {
        "appinvite_service": {
          "other_platform_oauth_client": [
            {
              "client_id": "455781075071-jq6hcl2uqlfkgddihjr2523usbi12knt.apps.googleusercontent.com",
              "client_type": 3
            }
          ]
        }
      }
    }
  ],
  "configuration_version": "1"
}